id,license id,account number,site number,legal name,doing business as name,address,city,state,zip code,ward,precinct,ward precinct,police district,license code,license description,business activity id,business activity,license number,application type,application created date,application requirements complete,payment date,conditional approval,license term start date,license term expiration date,license approved for issuance,date issued,license status,license status change date,ssa,latitude,longitude,location
1542-20160616,2458869,290,1,"PELLETIER ENTERPRISES, INC.",MELLOW YELLOW,1508 E 53RD ST,CHICAGO,IL,60615,4,47,4-47,2,1006,Retail Food Establishment,775,Retail Sales of Perishable Foods,1542,RENEW,,04/15/2016,05/09/2016,N,06/16/2016,06/15/2018,05/09/2016,05/09/2016,AAI,,61,41.799656205,-87.588735711,"(41.799656205200755, -87.58873571085915)"
1543-20160616,2458870,290,1,"PELLETIER ENTERPRISES, INC.",MELLOW YELLOW,1508 E 53RD ST,CHICAGO,IL,60615,4,47,4-47,2,1475,Consumption on Premises - Incidental Activity,638,Consumption of Liquor on Premises,1543,RENEW,,04/15/2016,05/09/2016,N,06/16/2016,06/15/2018,05/09/2016,05/09/2016,AAI,,61,41.799656205,-87.588735711,"(41.799656205200755, -87.58873571085915)"
30246-20151016,2419662,2156,11,GENERAL NUTRITION CORPORATION,GENERAL NUTRITION CORP #1184,1519 E 53RD ST 1ST,CHICAGO,IL,60615,5,54,5-54,2,1010,Limited Business License,,,30246,RENEW,,08/15/2015,10/02/2015,N,10/16/2015,10/15/2017,10/02/2015,10/05/2015,AAI,,61,41.799440373,-87.588339626,"(41.799440373149224, -87.58833962573384)"
28045-20160616,2458879,2201,1,RESEARCH PROS INC,RESESRCH PROS INC,1525 E 53RD ST,CHICAGO,IL,60615,5,54,5-54,2,1010,Limited Business License,,,28045,RENEW,,04/15/2016,04/29/2016,N,06/16/2016,06/15/2018,04/29/2016,05/02/2016,AAI,,61,41.799441872,-87.588098389,"(41.79944187210379, -87.58809838930625)"
3705-20160616,2458907,2998,1,THE NEW VALOIS REST INC,THE NEW VALOIS REST INC,1518 E 53RD ST  1,CHICAGO,IL,60615,4,47,4-47,2,1006,Retail Food Establishment,775,Retail Sales of Perishable Foods,3705,RENEW,,04/15/2016,06/06/2016,N,06/16/2016,06/15/2018,06/06/2016,06/07/2016,AAI,,61,41.7996599,-87.588342062,"(41.799659899582544, -87.5883420623139)"
1517337-20160616,2458936,4595,3,VIDEO CONNECTION OF HYDE PARK,VIDEO CONNECTION OF HYDE PARK,1208 E 53RD ST,CHICAGO,IL,60615,4,1,4-1,2,1010,Limited Business License,,,1517337,RENEW,,04/15/2016,06/02/2016,N,06/16/2016,06/15/2018,06/02/2016,06/02/2016,AAI,,61,41.799570006,-87.596239108,"(41.799570005698875, -87.5962391078313)"
25316-20160616,2459057,10288,1,FREEHLING POT & PAN CO,FREEHLING POT AND PAN CO,1365 E 53RD ST  1,CHICAGO,IL,60615,5,55,5-55,2,1006,Retail Food Establishment,775,Retail Sales of Perishable Foods,25316,RENEW,,04/15/2016,05/01/2016,N,06/16/2016,06/15/2018,05/01/2016,05/02/2016,AAI,,61,41.79939208,-87.592527175,"(41.79939207994461, -87.59252717506219)"
1848486-20150916,2413029,12699,20,SPRINTCOM INC.,SPRINT,1406 E 53RD ST 1ST,CHICAGO,IL,60615,4,47,4-47,2,1010,Limited Business License,,,1848486,RENEW,,07/15/2015,09/01/2015,N,09/16/2015,09/15/2017,09/01/2015,09/02/2015,AAI,,61,41.799624855,-87.591460355,"(41.79962485490784, -87.59146035530995)"
36122-20160616,2459177,15188,1,TRUSHAR & ROHITKUMAR PATEL,RAJUN CAJUN,1459 E 53RD ST,CHICAGO,IL,60615,5,54,5-54,2,1006,Retail Food Establishment,775,Retail Sales of Perishable Foods,36122,RENEW,,04/15/2016,05/04/2016,N,06/16/2016,06/15/2018,05/04/2016,05/05/2016,AAI,,61,41.79943078,-87.589479335,"(41.79943077995451, -87.58947933531431)"
2469770-20161110,2469770,15538,27,TARGET CORPORATION,TARGET STORE T-3219,1330 E 53RD ST,CHICAGO,IL,60615,4,1,4-1,2,1474,Package Goods,774,Retail Sales of Packaged Liquor,2469770,ISSUE,05/27/2016,09/13/2016,09/13/2016,N,11/10/2016,11/15/2018,11/10/2016,11/10/2016,AAI,,61,41.799597869,-87.593761037,"(41.79959786938958, -87.59376103688076)"
2469768-20161101,2469768,15538,27,TARGET CORPORATION,TARGET STORE T-3219,1330 E 53RD ST,CHICAGO,IL,60615,4,1,4-1,2,1006,Retail Food Establishment,729 | 767 | 766 | 775 | 781,"Pharmacy, Photo Services | Retail Sales of General Merchandise and Non-Perishable Food | Retail Sales of Fresh Fruits and Vegetables | Retail Sales of Perishable Foods | Sale of Food Prepared Onsite With Dining Area",2469768,ISSUE,05/27/2016,09/13/2016,09/22/2016,N,11/01/2016,02/15/2018,11/01/2016,11/01/2016,AAI,,61,41.799597869,-87.593761037,"(41.79959786938958, -87.59376103688076)"
39084-20160616,2459189,15766,1,"KENTADA, INC.",PIZZA CAPRI,1501 E 53RD ST,CHICAGO,IL,60615,5,54,5-54,2,1006,Retail Food Establishment,775,Retail Sales of Perishable Foods,39084,RENEW,,04/15/2016,06/01/2016,N,06/16/2016,06/15/2018,06/01/2016,06/02/2016,AAI,,61,41.799434259,-87.589046255,"(41.79943425904436, -87.58904625526527)"
39085-20160616,2459188,15766,1,"KENTADA, INC.",PIZZA CAPRI,1501 E 53RD ST,CHICAGO,IL,60615,5,54,5-54,2,1475,Consumption on Premises - Incidental Activity,638,Consumption of Liquor on Premises,39085,RENEW,,04/15/2016,06/01/2016,N,06/16/2016,06/15/2018,06/01/2016,06/02/2016,AAI,,61,41.799434259,-87.589046255,"(41.79943425904436, -87.58904625526527)"
57664-20160616,2459279,18528,1,NATHAN'S CHICAGO STYLE,NATHAN'S CHICAGO STYLE,1372 E 53RD ST,CHICAGO,IL,60615,4,1,4-1,2,1006,Retail Food Establishment,775,Retail Sales of Perishable Foods,57664,RENEW,,04/15/2016,05/01/2016,N,06/16/2016,06/15/2018,05/01/2016,05/02/2016,AAI,,61,41.79961533,-87.592298866,"(41.79961532954368, -87.59229886576314)"
2446613-20160216,2446613,21000,24,"AMERICAN MATTRESS, INC.",AMERICAN MATTRESS,1408 E 53RD ST 1ST,CHICAGO,IL,60615,4,47,4-47,2,1010,Limited Business License,904,Retail Sales of General Merchandise,2446613,ISSUE,01/28/2016,02/16/2016,02/16/2016,N,02/16/2016,02/15/2018,02/16/2016,02/16/2016,AAI,,61,41.799625689,-87.59137367,"(41.79962568927282, -87.59137367044976)"
2240917-20151116,2424670,22633,33,"CHIPOTLE MEXICAN GRILL, INC.",CHIPOTLE MEXICAN GRILL #1979,1522 E 53RD ST 1ST,CHICAGO,IL,60615,4,47,4-47,2,1475,Consumption on Premises - Incidental Activity,638,Consumption of Liquor on Premises,2240917,RENEW,,09/15/2015,11/04/2015,N,11/16/2015,05/15/2017,11/04/2015,11/06/2015,AAI,,61,41.799660793,-87.588198251,"(41.79966079322186, -87.58819825147138)"
2240918-20150516,2386937,22633,33,"CHIPOTLE MEXICAN GRILL, INC.",CHIPOTLE MEXICAN GRILL #1979,1522 E 53RD ST 1ST,CHICAGO,IL,60615,4,47,4-47,2,1006,Retail Food Establishment,735,Preparation of Food and Dining on Premise With Seating,2240918,RENEW,,03/15/2015,05/06/2015,N,05/16/2015,05/15/2017,05/07/2015,05/08/2015,AAI,,61,41.799660793,-87.588198251,"(41.79966079322186, -87.58819825147138)"
2240919-20150422,2240919,22633,33,"CHIPOTLE MEXICAN GRILL, INC.",CHIPOTLE MEXICAN GRILL #1979,1522 E 53RD ST 1ST,CHICAGO,IL,60615,4,47,4-47,2,1477,Outdoor Patio,784,Sale of Liquor Outdoors on Private Property,2240919,ISSUE,03/12/2013,07/16/2013,06/25/2013,Y,04/22/2015,05/15/2017,04/22/2015,04/22/2015,AAI,,61,41.799660793,-87.588198251,"(41.79966079322186, -87.58819825147138)"
84247-20160616,2459526,25282,1,AEGIS PROPERTIES CORPORATION,AEGIS PROPERTIES,1525 E 53RD ST  400,CHICAGO,IL,60615,5,54,5-54,2,1010,Limited Business License,,,84247,RENEW,,04/15/2016,04/25/2016,N,06/16/2016,06/15/2018,04/25/2016,04/26/2016,AAI,,61,41.799441872,-87.588098389,"(41.79944187210379, -87.58809838930625)"
1382555-20160616,2459584,29216,2,POONG S SHIN,CORNELL SHOE SERVICE,1613 E 53RD ST,CHICAGO,IL,60615,5,48,5-48,2,1010,Limited Business License,,,1382555,RENEW,,04/15/2016,06/09/2016,N,06/16/2016,06/15/2018,06/09/2016,06/10/2016,AAI,,61,41.799476154,-87.586005696,"(41.79947615429218, -87.58600569617114)"
2054554-20160916,2478102,29543,2,UNIVERSITY TRAVEL INC.,"UNIVERSITY TRAVEL, INC.",1525 E 53RD ST 1ST 100,CHICAGO,IL,60615,5,54,5-54,2,1010,Limited Business License,,,2054554,RENEW,,07/15/2016,08/05/2016,N,09/16/2016,09/15/2018,08/05/2016,08/08/2016,AAI,,61,41.799441872,-87.588098389,"(41.79944187210379, -87.58809838930625)"
22875-20160616,2459595,29638,1,COMPUTER RESOURCE CENTER INC.,COMPUTER RESOURCE CENTER INC.,1525 E 53RD ST  902,CHICAGO,IL,60615,5,54,5-54,2,1010,Limited Business License,,,22875,RENEW,,04/15/2016,05/16/2016,N,06/16/2016,06/15/2018,05/16/2016,05/17/2016,AAI,,61,41.799441872,-87.588098389,"(41.79944187210379, -87.58809838930625)"
24979-20160616,2459604,30190,1,ALMEDA MC PHERSON,THE MASSAGE THERAPY CENTER,5305 S HARPER AVE 2ND,CHICAGO,IL,60615,5,54,5-54,2,1524,Massage Establishment,704,Massage Establishment,24979,RENEW,,04/15/2016,06/06/2016,N,06/16/2016,06/15/2018,06/06/2016,06/07/2016,AAI,,61,41.799352826,-87.588940051,"(41.79935282572433, -87.58894005149136)"
1942756-20160616,2459615,30500,2,"BETTYE O., INCORPORATED",BETTYE O'S DAY SPA,1424-1428 E 53RD ST  304,CHICAGO,IL,60615,4,47,4-47,2,1524,Massage Establishment,704,Massage Establishment,1942756,RENEW,,04/15/2016,06/07/2016,N,06/16/2016,06/15/2018,06/07/2016,06/08/2016,AAI,,61,41.799633798,-87.590680963,"(41.79963379781992, -87.59068096341123)"
1991726-20160616,2459619,30716,2,EDWARD KIM,DEL PRADO SHIRTS LANDING,5303 S HYDE PARK BLVD 1,CHICAGO,IL,60615,5,11,5-11,2,1010,Limited Business License,648,Dry Cleaning - Drop Off Location,1991726,RENEW,,04/15/2016,05/10/2016,N,06/16/2016,06/15/2018,05/10/2016,05/11/2016,AAI,,,41.799483552,-87.583907039,"(41.79948355156024, -87.58390703882638)"
54160-20160616,2459735,38982,1,KIMBERLY STAMPLEY,STAMP LAYS EXECUTIVE SALON,1371 E 53RD ST 1ST,CHICAGO,IL,60615,5,55,5-55,2,1010,Limited Business License,,,54160,RENEW,,04/15/2016,06/16/2016,N,06/16/2016,06/15/2018,06/16/2016,07/08/2016,AAI,,61,41.799396403,-87.592262272,"(41.79939640256556, -87.59226227207212)"
2469644-20161116,2489690,44897,3,ERIC WILLIAMS,THE SILVER ROOM,1506 E 53RD ST,CHICAGO,IL,60615,4,47,4-47,2,1010,Limited Business License,923,Retail Sales of Jewelry and Jewelry Repair,2469644,RENEW,,09/15/2016,09/26/2016,N,11/16/2016,11/15/2018,09/26/2016,09/27/2016,AAI,,61,41.799655404,-87.588813359,"(41.79965540437079, -87.58881335907215)"
74209-20160616,2459803,46485,1,GAMMARIELLO RX INC,KATSAROS PHARMACY,1521 E 53RD ST 1ST,CHICAGO,IL,60615,5,54,5-54,2,1010,Limited Business License,767 | 729,"Retail Sales of General Merchandise and Non-Perishable Food | Pharmacy, Photo Services",74209,RENEW,,04/15/2016,04/23/2016,N,06/16/2016,06/15/2018,04/23/2016,04/25/2016,AAI,,61,41.799440861,-87.588261094,"(41.79944086116688, -87.5882610942136)"
76975-20160616,2459809,47502,1,FUTONS-N-MORE INC,FUTONS-N-MORE INC,1370 E 53RD ST 1ST,CHICAGO,IL,60615,4,1,4-1,2,1010,Limited Business License,900,Sale of Furniture,76975,RENEW,,04/15/2016,06/14/2016,N,06/16/2016,06/15/2018,06/14/2016,06/15/2016,AAI,,61,41.799613443,-87.592415917,"(41.7996134429161, -87.59241591676637)"
27175-20160616,2459860,53088,1,MARIA GALL,MARIA'S CLOTHING ALTERATIONS,1525 E 53RD ST  823,CHICAGO,IL,60615,5,54,5-54,2,1010,Limited Business License,,,27175,RENEW,,04/15/2016,06/06/2016,N,06/16/2016,06/15/2018,06/06/2016,06/07/2016,AAI,,61,41.799441872,-87.588098389,"(41.79944187210379, -87.58809838930625)"
36489-20160616,2459878,54407,1,JAE S RHEE,KIMBERLY LEE & CO,1529 E 53RD ST 1ST,CHICAGO,IL,60615,5,54,5-54,2,1010,Limited Business License,,,36489,RENEW,,04/15/2016,06/09/2016,N,06/16/2016,06/15/2018,06/09/2016,06/10/2016,AAI,,61,41.799444337,-87.587897734,"(41.79944433742764, -87.58789773400379)"
50198-20160616,2459897,56603,1,JUNG WOO KIM,GOLDEN HANGERS CLEANERS,1314 E 53RD ST 1ST,CHICAGO,IL,60615,4,1,4-1,2,1010,Limited Business License,648,Dry Cleaning - Drop Off Location,50198,RENEW,,04/15/2016,04/23/2016,N,06/16/2016,06/15/2018,04/23/2016,04/25/2016,AAI,,61,41.799590544,-87.594371601,"(41.799590544261044, -87.59437160090127)"
2271563-20150416,2381487,63414,161,STARBUCKS CORPORATION,STARBUCK'S COFFEE #226,1530 E 53RD ST 1 1,CHICAGO,IL,60615,4,47,4-47,2,1006,Retail Food Establishment,781,Sale of Food Prepared Onsite With Dining Area,2271563,RENEW,,02/15/2015,03/18/2015,N,04/16/2015,04/15/2017,03/18/2015,03/18/2015,AAC,07/29/2016,61,41.799667123,-87.587814524,"(41.79966712287017, -87.58781452378159)"
28311-20160616,2459984,63666,1,"CREMATION SOCIETY OF ILLINOIS, INC",CREMATION SOCIETY OF ILLINOIS,1374 E 53RD ST  1,CHICAGO,IL,60615,4,1,4-1,2,1010,Limited Business License,,,28311,RENEW,,04/15/2016,05/11/2016,N,06/16/2016,06/15/2018,05/11/2016,05/12/2016,AAI,,61,41.799617493,-87.592181349,"(41.79961749250843, -87.59218134892949)"
52401-20150316,2376120,64543,3,GOLD STANDARD ENTERPRISES INC.,BINNY'S EXPRESS,1531 E 53RD ST 1ST,CHICAGO,IL,60615,5,54,5-54,2,1781,Tobacco Retail Over Counter,763,Retail Sale of Tobacco,52401,RENEW,,01/16/2015,02/16/2015,N,03/16/2015,03/15/2017,02/16/2015,02/17/2015,AAI,,61,41.799447843,-87.587800417,"(41.79944784278962, -87.58780041729537)"
52400-20150316,2376121,64543,3,GOLD STANDARD ENTERPRISES INC.,BINNY'S EXPRESS,1531 E 53RD ST 1ST,CHICAGO,IL,60615,5,54,5-54,2,1474,Package Goods,774,Retail Sales of Packaged Liquor,52400,RENEW,,01/16/2015,02/16/2015,N,03/16/2015,03/15/2017,02/16/2015,02/17/2015,AAI,,61,41.799447843,-87.587800417,"(41.79944784278962, -87.58780041729537)"
86322-20160616,2460058,81672,3,BOSTON MARKET CORPORATION,BOSTON MARKET #825,1424 E 53RD ST  MAIN,CHICAGO,IL,60615,4,47,4-47,2,1006,Retail Food Establishment,775,Retail Sales of Perishable Foods,86322,RENEW,,04/15/2016,04/29/2016,N,06/16/2016,06/15/2018,04/29/2016,05/02/2016,AAI,,61,41.799633798,-87.590680963,"(41.79963379781992, -87.59068096341123)"
14258-20160316,2444288,85659,39,H&R BLOCK ENTERPRISES LLC,H & R BLOCK TAX SERVICES,1412 E 53RD ST 1ST #,CHICAGO,IL,60615,4,47,4-47,2,1010,Limited Business License,197,Tax Preparation Services,14258,RENEW,,01/15/2016,02/29/2016,N,03/16/2016,03/15/2018,02/29/2016,03/04/2016,AAI,,61,41.79962731,-87.591200152,"(41.799627309643725, -87.59120015180713)"
1044743-20160616,2460124,85998,2,"BRAATEN ENTERPRISES, LTD",BONNE SANTE HEALTH FOODS INC.,1512 E 53RD ST 1,CHICAGO,IL,60615,4,47,4-47,2,1006,Retail Food Establishment,775,Retail Sales of Perishable Foods,1044743,RENEW,,04/15/2016,05/04/2016,N,06/16/2016,06/15/2018,05/04/2016,09/12/2016,AAI,,61,41.799657917,-87.588578142,"(41.79965791698844, -87.58857814228286)"
61563-20160616,2460128,86350,1,"AMERICASH LOANS, L.L.C.",AMERICASH LOANS LLC,1513 E 53RD ST,CHICAGO,IL,60615,5,54,5-54,2,1010,Limited Business License,,,61563,RENEW,,04/15/2016,05/03/2016,N,06/16/2016,06/15/2018,05/03/2016,05/04/2016,AAI,,61,41.799438398,-87.588574722,"(41.799438397896374, -87.58857472195702)"
52190-20160616,2460183,87026,3,"YEHIA & COMPANY HAIR DESIGN, INC.",YEHIA & COMPANY,1455 E 53RD ST  1ST,CHICAGO,IL,60615,5,54,5-54,2,1010,Limited Business License,,,52190,RENEW,,04/15/2016,05/12/2016,N,06/16/2016,06/15/2018,05/12/2016,09/08/2016,AAI,,61,41.79942883,-87.589640898,"(41.79942882985705, -87.5896408976242)"
1095180-20160616,2460233,208012,1,"THE EAGLE II, INC.",THE FALCON,1603 -1605 E 53RD ST,CHICAGO,IL,60615,5,48,5-48,2,1470,Tavern,829,Tavern - Consumption of Liquor on Premise,1095180,RENEW,,04/15/2016,06/02/2016,N,06/16/2016,06/15/2018,06/02/2016,06/03/2016,AAI,,61,41.799469658,-87.586330988,"(41.79946965773025, -87.58633098847555)"
1120350-20160616,2460239,209819,1,FRAMING BY MARK & OLET LTD,THE GREAT FRAME UP,1418 E 53RD ST  3,CHICAGO,IL,60615,4,47,4-47,2,1010,Limited Business License,,,1120350,RENEW,,04/15/2016,06/23/2016,N,06/16/2016,06/15/2018,06/23/2016,06/24/2016,AAI,,61,41.799629744,-87.590941436,"(41.799629744251135, -87.59094143626464)"
1167744-20160616,2460378,217386,1,E & M DOLLAR INC,JEFFERY DOLLAR STORE,1443 E 53RD ST,CHICAGO,IL,60615,5,54,5-54,2,1010,Limited Business License,,,1167744,RENEW,,04/15/2016,05/17/2016,N,06/16/2016,06/15/2018,05/17/2016,05/18/2016,AAI,,61,41.799421633,-87.590125643,"(41.79942163323843, -87.59012564311584)"
1221071-20160616,2460406,222829,1,RONALD GLEN MURDOCK,RONALD MURDOCK,1525 E 53RD ST 4TH 429,CHICAGO,IL,60615,5,54,5-54,2,1010,Limited Business License,197,Tax Preparation Services,1221071,RENEW,,04/15/2016,06/15/2016,N,06/16/2016,06/15/2018,06/15/2016,06/16/2016,AAI,,61,41.799441872,-87.588098389,"(41.79944187210379, -87.58809838930625)"
1330273-20160616,2460535,257316,1,KAP RYOU,CORNELL DRY CLEANERS,1607 E 53RD ST,CHICAGO,IL,60615,5,48,5-48,2,1010,Limited Business License,648,Dry Cleaning - Drop Off Location,1330273,RENEW,,04/15/2016,05/01/2016,N,06/16/2016,06/15/2018,05/01/2016,05/02/2016,AAI,,61,41.799471973,-87.586201374,"(41.7994719729178, -87.58620137351774)"
2206208-20160616,2460556,260427,1,PETER F MCCARTHY,PETER MCCARTHY,5307 S CORNELL AVE,CHICAGO,IL,60615,5,14,5-14,2,4404,Regulated Business License,724,Other Home Occupations,2206208,RENEW,,04/15/2016,04/29/2016,N,06/16/2016,06/15/2018,04/29/2016,05/02/2016,AAI,,61,41.799340834,-87.585368147,"(41.7993408342723, -87.58536814654524)"
1382730-20160616,2460627,266409,1,CEDARS MEDITERRANEAN KITCHEN LLC,CEDARS MEDITHERRANEAN KITCHEN,1206 E 53RD ST,CHICAGO,IL,60615,4,1,4-1,2,1006,Retail Food Establishment,775,Retail Sales of Perishable Foods,1382730,RENEW,,04/15/2016,05/13/2016,N,06/16/2016,06/15/2018,05/13/2016,05/16/2016,AAI,,61,41.799569458,-87.596319929,"(41.79956945794282, -87.59631992883017)"
2284503-20160616,2460734,273521,2,NAADIA B DEAN,Naadia B Dean Wellness Studio,1525 E 53RD ST 6 602,CHICAGO,IL,60615,5,54,5-54,2,1010,Limited Business License,767,Retail Sales of General Merchandise and Non-Perishable Food,2284503,RENEW,,04/15/2016,06/14/2016,N,06/16/2016,06/15/2018,06/14/2016,06/15/2016,AAI,,61,41.799441872,-87.588098389,"(41.79944187210379, -87.58809838930625)"
1520287-20160616,2460785,281703,1,DSMT  SERVICES  LLC,THE   UPS  STORE   #1568,1507 E 53RD ST,CHICAGO,IL,60615,5,54,5-54,2,1010,Limited Business License,,,1520287,RENEW,,04/15/2016,06/23/2016,N,06/16/2016,06/15/2018,06/23/2016,06/24/2016,AAI,,61,41.79943588,-87.588810663,"(41.79943587962592, -87.58881066253633)"
1576361-20160616,2460888,287508,1,FLYING PAN LLC,CHANT,1509 E 53RD ST,CHICAGO,IL,60615,5,54,5-54,2,1475,Consumption on Premises - Incidental Activity,638,Consumption of Liquor on Premises,1576361,RENEW,,04/15/2016,04/24/2016,N,06/16/2016,06/15/2018,04/24/2016,04/25/2016,AAI,,61,41.799436696,-87.588731257,"(41.799436696478615, -87.58873125741623)"
2458260-20160831,2458260,287508,1,FLYING PAN LLC,CHANT,1509 E 53RD ST,CHICAGO,IL,60615,5,54,5-54,2,1481,Caterer's Liquor License,630,Catering of Liquor To Events,2458260,ISSUE,04/04/2016,07/13/2016,06/03/2016,N,08/31/2016,09/15/2018,08/31/2016,08/31/2016,AAI,,61,41.799436696,-87.588731257,"(41.799436696478615, -87.58873125741623)"
1576359-20160616,2460889,287508,1,FLYING PAN LLC,CHANT,1509 E 53RD ST,CHICAGO,IL,60615,5,54,5-54,2,1006,Retail Food Establishment,775,Retail Sales of Perishable Foods,1576359,RENEW,,04/15/2016,04/24/2016,N,06/16/2016,06/15/2018,04/24/2016,04/25/2016,AAI,,61,41.799436696,-87.588731257,"(41.799436696478615, -87.58873125741623)"
1547606-20160216,2440002,299710,66,"HIGHLAND PARK CVS, L.L.C.",CVS/PHARMACY #5836,1228 E 53RD ST,CHICAGO,IL,60615,4,1,4-1,2,1006,Retail Food Establishment,775,Retail Sales of Perishable Foods,1547606,RENEW,,12/15/2015,01/08/2016,N,02/16/2016,02/15/2018,01/08/2016,01/08/2016,AAI,,61,41.799577834,-87.595432109,"(41.79957783364987, -87.5954321093407)"
2488276-20160916,2488276,299710,94,"HIGHLAND PARK CVS, L.L.C.",CVS/PHARMACY #17686,1346 E 53RD ST,CHICAGO,IL,60615,4,1,4-1,2,1010,Limited Business License,767 | 904,Retail Sales of General Merchandise and Non-Perishable Food | Retail Sales of General Merchandise,2488276,ISSUE,08/30/2016,09/06/2016,09/16/2016,N,09/16/2016,02/15/2018,09/16/2016,09/16/2016,AAI,,61,41.799602744,-87.593152005,"(41.799602743546856, -87.59315200528222)"
1742817-20160516,2455431,308614,19,T-MOBILE CENTRAL LLC,T-MOBILE,1451 E 53RD ST 1,CHICAGO,IL,60615,5,54,5-54,2,1010,Limited Business License,,,1742817,RENEW,,03/15/2016,05/11/2016,N,05/16/2016,05/15/2018,05/11/2016,07/27/2016,AAI,,61,41.799426389,-87.589801257,"(41.79942638879343, -87.58980125705645)"
1801718-20160816,2473447,309473,10,"INSUREONE INDEPENDENT INSURANCE AGENCY, LLC",INSUREONE,1416 E 53RD ST 1ST,CHICAGO,IL,60615,4,47,4-47,2,1010,Limited Business License,197,Tax Preparation Services,1801718,RENEW,,06/15/2016,08/05/2016,N,08/16/2016,08/15/2018,08/05/2016,08/08/2016,AAI,,61,41.799628847,-87.59102678,"(41.79962884693297, -87.59102677991527)"
1798349-20160616,2461080,313031,1,CHERRY BEAUTY CORP.,CHERRY BEAUTY,1428 E 53RD ST 2 201,CHICAGO,IL,60615,4,47,4-47,2,1010,Limited Business License,,,1798349,RENEW,,04/15/2016,06/13/2016,N,06/16/2016,06/15/2018,06/13/2016,06/14/2016,AAI,,61,41.799636118,-87.590507607,"(41.79963611796221, -87.59050760706717)"
1800493-20160616,2461087,313919,1,"SELECT VENTURES, LLC",KIMBARK COIN LAUNDRY,1218 E 53RD ST 1,CHICAGO,IL,60615,4,1,4-1,2,1010,Limited Business License,692,Laundromat - Self Service,1800493,RENEW,,04/15/2016,06/06/2016,N,06/16/2016,06/15/2018,06/06/2016,06/07/2016,AAI,,61,41.799573892,-87.595835323,"(41.79957389242627, -87.59583532253116)"
1845248-20160616,2461191,321272,1,PARKING SPACES INCORPORATED,PARKING SPACES INCORPORATED,1525 E 53RD ST 4 420,CHICAGO,IL,60615,5,54,5-54,2,1010,Limited Business License,,,1845248,RENEW,,04/15/2016,06/30/2016,N,06/16/2016,06/15/2018,06/30/2016,06/30/2016,AAI,,61,41.799441872,-87.588098389,"(41.79944187210379, -87.58809838930625)"
2017480-20160616,2461203,323779,1,THE WORKZ,THE WORKZ,1424 E 53RD ST 2ND 207,CHICAGO,IL,60615,4,47,4-47,2,1010,Limited Business License,,,2017480,RENEW,,04/15/2016,06/14/2016,N,06/16/2016,06/15/2018,06/14/2016,06/15/2016,AAI,,61,41.799633798,-87.590680963,"(41.79963379781992, -87.59068096341123)"
2487790-20161027,2487790,324325,128,"LAZ PARKING CHICAGO, LLC","LAZ PARKING, LLC",1330 E 53RD ST 1-3,CHICAGO,IL,60615,4,1,4-1,2,1002,Accessory Garage,726,"Provide Parking Spaces For a Fee - to Residents, Tenants, Users, Employees and/or Guests (Not Available or Advertised to the Public)",2487790,ISSUE,08/22/2016,08/25/2016,09/09/2016,N,10/27/2016,04/15/2017,09/13/2016,10/27/2016,AAI,,61,41.799597869,-87.593761037,"(41.79959786938958, -87.59376103688076)"
1915843-20160416,2449665,325278,2,"PROFESSIONAL EYE CENTER III, P.C.",PROFESSIONAL EYE CENTER,1517 E 53RD ST 1ST FL 1,CHICAGO,IL,60615,5,54,5-54,2,1010,Limited Business License,,,1915843,RENEW,,02/15/2016,11/15/2016,N,04/16/2016,04/15/2018,11/15/2016,11/16/2016,AAI,,61,41.799439768,-87.588417664,"(41.79943976796371, -87.58841766417248)"
1884100-20160616,2461217,325993,1,HYDE PARK PRODUCE LTD.,"HYDE PARK PRODUCE, LTD",1226 E 53RD ST STROE FRONT,CHICAGO,IL,60615,4,1,4-1,2,1006,Retail Food Establishment,775,Retail Sales of Perishable Foods,1884100,RENEW,,04/15/2016,05/10/2016,N,06/16/2016,06/15/2018,05/10/2016,05/11/2016,AAI,,61,41.799576802,-87.595512922,"(41.79957680216707, -87.5955129218999)"
1893130-20160616,2461256,328708,1,"THE BEVERAGE SHOPPE, LLC",KIMBARK BEVERAGE SHOPPE,1214 E 53RD ST 1,CHICAGO,IL,60615,4,1,4-1,2,1474,Package Goods,774,Retail Sales of Packaged Liquor,1893130,RENEW,,04/15/2016,05/18/2016,N,06/16/2016,06/15/2018,05/18/2016,05/18/2016,AAI,,61,41.799572329,-87.595997332,"(41.79957232946104, -87.59599733192523)"
1893131-20160616,2461255,328708,1,"THE BEVERAGE SHOPPE, LLC",KIMBARK BEVERAGE SHOPPE,1214 E 53RD ST 1,CHICAGO,IL,60615,4,1,4-1,2,1781,Tobacco Retail Over Counter,763,Retail Sale of Tobacco,1893131,RENEW,,04/15/2016,05/18/2016,N,06/16/2016,06/15/2018,05/18/2016,05/18/2016,AAI,,61,41.799572329,-87.595997332,"(41.79957232946104, -87.59599733192523)"
1904432-20160616,2461272,331116,1,"SIT DOWN, INC.",THE SIT DOWN,1312 E 53RD ST 1ST,CHICAGO,IL,60615,4,1,4-1,2,1006,Retail Food Establishment,775,Retail Sales of Perishable Foods,1904432,RENEW,,04/15/2016,05/02/2016,N,06/16/2016,06/15/2018,05/02/2016,05/03/2016,AAI,,61,41.799589605,-87.594447823,"(41.79958960469768, -87.59444782270101)"
1937249-20160616,2461271,331116,1,"SIT DOWN, INC.",THE SIT DOWN,1312 E 53RD ST 1ST,CHICAGO,IL,60615,4,1,4-1,2,1475,Consumption on Premises - Incidental Activity,638,Consumption of Liquor on Premises,1937249,RENEW,,04/15/2016,05/02/2016,N,06/16/2016,06/15/2018,05/02/2016,05/03/2016,AAI,,61,41.799589605,-87.594447823,"(41.79958960469768, -87.59444782270101)"
1909473-20160616,2461288,332227,1,CLEOPATRA HAIR DESIGN OF CHICAGO LTD.,CLEOPATRA HAIR DESIGNS,1316 E 53RD ST 1 1,CHICAGO,IL,60615,4,1,4-1,2,1010,Limited Business License,894,Hair Services,1909473,RENEW,,04/15/2016,05/13/2016,N,06/16/2016,06/15/2018,05/13/2016,05/31/2016,AAI,,61,41.799591484,-87.594295379,"(41.799591483773824, -87.59429537910003)"
1927671-20160616,2461344,336589,1,SHINJU SUSHI JAPANESE RESTAURANT LLC,SHINJU SUSHI JAPANESE RESTAURANT LLC,1375 E 53RD ST 1ST,CHICAGO,IL,60615,5,55,5-55,2,1006,Retail Food Establishment,775,Retail Sales of Perishable Foods,1927671,RENEW,,04/15/2016,04/26/2016,N,06/16/2016,06/15/2018,04/26/2016,05/03/2016,AAI,,61,41.799399262,-87.592087707,"(41.79939926211286, -87.59208770728569)"
2109683-20150416,2383342,339081,7,"FIVE GUYS OPERATIONS, LLC",Five Guys Burgers and Fries,1456 E 53RD ST GROUND,CHICAGO,IL,60615,4,,4-,,1006,Retail Food Establishment,775,Retail Sales of Perishable Foods,2109683,RENEW,,02/15/2015,03/27/2015,N,04/16/2015,04/15/2017,03/27/2015,03/30/2015,AAI,,61,41.79964931,-87.589564848,"(41.799649310416896, -87.5895648484228)"
1964427-20160616,2461453,342233,1,"ARYAN DEVELOPMENT, INC.",SUBWAY,1400 E 53RD ST 1,CHICAGO,IL,60615,4,47,4-47,2,1006,Retail Food Establishment,775,Retail Sales of Perishable Foods,1964427,RENEW,,04/15/2016,05/14/2016,N,06/16/2016,06/15/2018,05/14/2016,06/02/2016,AAI,,61,41.799622351,-87.59172041,"(41.79962235142029, -87.59172040988271)"
2386311-20150716,2402078,345100,4,BELLE UP LLC,Belle Up Boutique,1504 E 53RD ST 1,CHICAGO,IL,60615,4,,4-,,1010,Limited Business License,911 | 904,Retail Sales of Clothing / Accessories / Shoes | Retail Sales of General Merchandise,2386311,RENEW,,05/15/2015,07/07/2015,N,07/16/2015,07/15/2017,07/07/2015,08/03/2015,AAI,,61,41.799654864,-87.58889189,"(41.799654864230995, -87.58889189025041)"
2470230-20160627,2470230,346522,10,FIVE STAR VALET CORP.,FIVE STAR VALET CORP.,1364 E 53RD ST,CHICAGO,IL,60615,4,1,4-1,2,2101,Valet Parking Operator,855,Valet Parking Operator,2470230,ISSUE,06/07/2016,06/27/2016,06/27/2016,N,06/27/2016,06/30/2017,06/27/2016,06/27/2016,AAI,,61,41.799608974,-87.592695408,"(41.79960897430728, -87.592695407772)"
2073935-20160616,2461587,348527,2,"GROOVEONLINE, INC.",HYDEPARK RECORDS,1377 E 53RD ST 1,CHICAGO,IL,60615,5,55,5-55,2,1609,Secondhand Dealer (No Valuable Objects),622,Buying and Reselling of Used Goods - Non Valuable,2073935,RENEW,,04/15/2016,05/17/2016,N,06/16/2016,06/15/2018,05/17/2016,05/18/2016,AAI,,61,41.799400111,-87.591999551,"(41.79940011116613, -87.5919995506027)"
2328325-20160216,2440824,348827,12,CorePower Yoga,CorePower Yoga,1539 E 53RD ST 1 1,CHICAGO,IL,60615,5,54,5-54,2,4404,Regulated Business License,927 | 926,Yoga Instruction | Fitness Classes,2328325,RENEW,,12/15/2015,02/12/2016,N,02/16/2016,02/15/2018,02/12/2016,07/01/2016,AAI,,61,41.799450397,-87.58767122,"(41.79945039676848, -87.58767122004916)"
2050011-20160816,2474226,355684,1,"HYDE PARK CURRENCY EXCHANGE, INC.","HYDE PARK CURRENCY EXCHANGE, INC.",1371 E 53RD ST 1 A,CHICAGO,IL,60615,5,55,5-55,2,1010,Limited Business License,,,2050011,RENEW,,06/15/2016,08/08/2016,N,08/16/2016,08/15/2018,08/08/2016,08/09/2016,AAI,,61,41.799396403,-87.592262272,"(41.79939640256556, -87.59226227207212)"
2359171-20150316,2377930,359521,4,"JCD REPAIR, LLC",JET CITY DEVICE REPAR,1634 E 53RD ST 1,CHICAGO,IL,60615,5,38,5-38,2,1010,Limited Business License,772 | 652,Retail Sales of New Electronics and Accessories | Electronic Equipment Repair,2359171,RENEW,,01/16/2015,02/18/2015,N,03/16/2015,03/15/2017,02/18/2015,02/19/2015,AAC,05/07/2015,61,41.799702142,-87.585438082,"(41.79970214242313, -87.5854380822855)"
2079992-20150316,2377969,359814,1,"ZBerry, Inc.",ZBerry,1368 1/2 E 53RD ST 1,CHICAGO,IL,60615,4,1,4-1,2,1006,Retail Food Establishment,775,Retail Sales of Perishable Foods,2079992,RENEW,,01/16/2015,05/11/2015,N,03/16/2015,03/15/2017,05/11/2015,08/05/2015,AAI,,61,41.799611564,-87.592533442,"(41.799611563972014, -87.59253344231946)"
2084345-20150516,2389217,360219,1,"CAFE 53 INC.,",CAFE 53,1369 E 53RD ST,CHICAGO,IL,60615,5,55,5-55,2,1006,Retail Food Establishment,775,Retail Sales of Perishable Foods,2084345,RENEW,,03/15/2015,03/24/2015,N,05/16/2015,05/15/2017,03/24/2015,03/25/2015,AAI,,61,41.799394898,-87.592350887,"(41.799394898310986, -87.59235088733223)"
2162942-20160716,2468086,365494,3,KILIMANJARO INTERNATIONAL INC.,KILIMANJARO INTERNATIONAL INC.,1305 E 53RD ST 1ST,CHICAGO,IL,60615,4,55,4-55,2,1010,Limited Business License,,,2162942,RENEW,,05/15/2016,06/21/2016,N,07/16/2016,07/15/2018,06/21/2016,06/22/2016,AAI,,61,41.799367075,-87.594757559,"(41.79936707538803, -87.59475755948469)"
2124869-20151116,2426931,367289,1,"HYDE PARK COMPUTER CENTER, LLC","HYDE PARK COMPUTER CENTER, LLC",1441 E 53RD ST ONE,CHICAGO,IL,60615,5,,5-,,1010,Limited Business License,,,2124869,RENEW,,09/15/2015,03/15/2016,N,11/16/2015,11/15/2017,03/15/2016,03/16/2016,AAI,,61,41.799420584,-87.590206071,"(41.799420584010186, -87.59020607134514)"
2130391-20160316,2445286,368434,1,"CLARKE'S HYDE PARK, LLC",CLARKE'S HYDE PARK,1447 E 53RD ST 1,CHICAGO,IL,60615,5,54,5-54,2,1006,Retail Food Establishment,775,Retail Sales of Perishable Foods,2130391,RENEW,,01/15/2016,03/07/2016,N,03/16/2016,03/15/2018,03/07/2016,03/08/2016,AAI,,61,41.799423505,-87.589964079,"(41.799423505424414, -87.58996407916824)"
2398568-20150904,2398568,369504,17,"COFFEE HOUSE HOLDINGS, INC.",STARBUCKS COFFEE #226,1530 E 53RD ST 1,CHICAGO,IL,60615,4,47,4-47,2,1475,Consumption on Premises - Incidental Activity,638,Consumption of Liquor on Premises,2398568,ISSUE,05/07/2015,07/16/2015,07/07/2015,N,09/04/2015,09/15/2017,09/04/2015,09/04/2015,AAI,,61,41.799667123,-87.587814524,"(41.79966712287017, -87.58781452378159)"
2398567-20160516,2456278,369504,17,"COFFEE HOUSE HOLDINGS, INC.",STARBUCKS COFFEE #226,1530 E 53RD ST 1,CHICAGO,IL,60615,4,47,4-47,2,1006,Retail Food Establishment,735,Preparation of Food and Dining on Premise With Seating,2398567,RENEW,,03/15/2016,04/21/2016,N,05/16/2016,05/15/2018,04/21/2016,04/22/2016,AAI,,61,41.799667123,-87.587814524,"(41.79966712287017, -87.58781452378159)"
2142342-20160416,2450295,370364,1,HYDEPARK TWO INC.,DUNKIN DONUTS/ BASKIN ROBBINS,1418 E 53RD ST 1ST 5,CHICAGO,IL,60615,4,47,4-47,2,1006,Retail Food Establishment,775,Retail Sales of Perishable Foods,2142342,RENEW,,02/15/2016,03/08/2016,N,04/16/2016,04/15/2018,03/08/2016,03/09/2016,AAI,,61,41.799629744,-87.590941436,"(41.799629744251135, -87.59094143626464)"
2432128-20160516,2456478,372020,3,"MODERN COOPERATIVE, LLC",Modern Cooperative,1500 E 53RD ST RETAIL STORE,CHICAGO,IL,60615,4,,4-,,1010,Limited Business License,900,Sale of Furniture,2432128,RENEW,,03/15/2016,05/16/2016,N,05/16/2016,05/15/2018,05/16/2016,05/17/2016,AAI,,61,41.799653784,-87.589048953,"(41.799653783790305, -87.58904895260531)"
2153361-20160616,2462125,372211,1,"Pocket Full O'Miracles II, LLC",Pockets Hyde Park,1309 E 53RD ST GROUND,CHICAGO,IL,60615,4,,4-,,1006,Retail Food Establishment,775,Retail Sales of Perishable Foods,2153361,RENEW,,04/15/2016,04/24/2016,N,06/16/2016,06/15/2018,04/24/2016,04/25/2016,AAI,,61,41.79936856,-87.594616063,"(41.79936856037866, -87.59461606317524)"
2210857-20160716,2468423,373919,1,"1525 HP, LLC","1525 HP, LLC",5240 S HYDE PARK BLVD 0,CHICAGO,IL,60615,5,,5-,,4404,Regulated Business License,601,Acquisition and Improvement of Land/Residential Buildings,2210857,RENEW,,05/15/2016,11/02/2016,N,07/16/2016,07/15/2018,11/02/2016,11/03/2016,AAI,,61,41.799787054,-87.58423704,"(41.79978705430929, -87.58423703968494)"
2451398-20160608,2451398,375068,1,"APWB GROUP, INC.",SIP & SAVOR,5301 S HYDE PARK BLVD 1ST,CHICAGO,IL,60615,5,11,5-11,2,1475,Consumption on Premises - Incidental Activity,638,Consumption of Liquor on Premises,2451398,ISSUE,02/16/2016,05/16/2016,04/20/2016,N,06/08/2016,06/15/2018,06/08/2016,06/08/2016,AAI,,,41.799543775,-87.58390766,"(41.79954377453218, -87.58390766008941)"
2183659-20161016,2486670,375068,1,"APWB GROUP, INC.",SIP & SAVOR,5301 S HYDE PARK BLVD 1ST,CHICAGO,IL,60615,5,11,5-11,2,1006,Retail Food Establishment,775,Retail Sales of Perishable Foods,2183659,RENEW,,08/15/2016,10/09/2016,N,10/16/2016,10/15/2018,10/09/2016,10/11/2016,AAI,,,41.799543775,-87.58390766,"(41.79954377453218, -87.58390766008941)"
2269541-20160716,2468473,376040,2,"LAKE PARK ENTERTAINMENT, LLC",THE PROMONTORY,5307-5319 S LAKE PARK AVE 1ST & 2ND,CHICAGO,IL,60615,5,48,5-48,2,1481,Caterer's Liquor License,630,Catering of Liquor To Events,2269541,RENEW,,05/15/2016,06/21/2016,N,07/16/2016,07/15/2018,06/21/2016,06/22/2016,AAI,,61,41.799317592,-87.587134142,"(41.799317592141975, -87.58713414206618)"
2299069-20160816,2474988,376040,2,"LAKE PARK ENTERTAINMENT, LLC",THE PROMONTORY,5307-5319 S LAKE PARK AVE 1ST & 2ND,CHICAGO,IL,60615,5,48,5-48,2,1477,Outdoor Patio,784,Sale of Liquor Outdoors on Private Property,2299069,RENEW,,06/15/2016,06/21/2016,N,08/16/2016,07/15/2018,06/21/2016,06/22/2016,AAI,,61,41.799317592,-87.587134142,"(41.799317592141975, -87.58713414206618)"
2269538-20160716,2468475,376040,2,"LAKE PARK ENTERTAINMENT, LLC",THE PROMONTORY,5307-5319 S LAKE PARK AVE 1ST & 2ND,CHICAGO,IL,60615,5,48,5-48,2,1006,Retail Food Establishment,735,Preparation of Food and Dining on Premise With Seating,2269538,RENEW,,05/15/2016,06/21/2016,N,07/16/2016,07/15/2018,06/21/2016,06/22/2016,AAI,,61,41.799317592,-87.587134142,"(41.799317592141975, -87.58713414206618)"
2269540-20160716,2468474,376040,2,"LAKE PARK ENTERTAINMENT, LLC",THE PROMONTORY,5307-5319 S LAKE PARK AVE 1ST & 2ND,CHICAGO,IL,60615,5,48,5-48,2,1050,Public Place of Amusement,746,"Public Place of Amusement, Provides Entertainment, Room Rentals and Charges a Fee",2269540,RENEW,,05/15/2016,06/21/2016,N,07/16/2016,07/15/2018,06/28/2016,06/28/2016,AAI,,61,41.799317592,-87.587134142,"(41.799317592141975, -87.58713414206618)"
2269539-20160716,2468472,376040,2,"LAKE PARK ENTERTAINMENT, LLC",THE PROMONTORY,5307-5319 S LAKE PARK AVE 1ST & 2ND,CHICAGO,IL,60615,5,48,5-48,2,1475,Consumption on Premises - Incidental Activity,638,Consumption of Liquor on Premises,2269539,RENEW,,05/15/2016,06/21/2016,N,07/16/2016,07/15/2018,06/21/2016,06/22/2016,AAI,,61,41.799317592,-87.587134142,"(41.799317592141975, -87.58713414206618)"
2299070-20160716,2468471,376040,2,"LAKE PARK ENTERTAINMENT, LLC",THE PROMONTORY,5307-5319 S LAKE PARK AVE 1ST & 2ND,CHICAGO,IL,60615,5,48,5-48,2,1477,Outdoor Patio,784,Sale of Liquor Outdoors on Private Property,2299070,RENEW,,05/15/2016,06/21/2016,N,07/16/2016,07/15/2018,06/21/2016,06/22/2016,AAI,,61,41.799317592,-87.587134142,"(41.799317592141975, -87.58713414206618)"
2241029-20151116,2427131,379475,1,HP53 LLC,A10,1460-1466 E 53RD ST,CHICAGO,IL,60615,4,47,4-47,2,1006,Retail Food Establishment,735,Preparation of Food and Dining on Premise With Seating,2241029,RENEW,,09/15/2015,10/06/2015,N,11/16/2015,11/15/2017,10/06/2015,10/07/2015,AAI,,61,41.79965126,-87.589403286,"(41.7996512604028, -87.58940328555822)"
2476206-20160901,2476206,379475,1,HP53 LLC,A10,1460-1466 E 53RD ST,CHICAGO,IL,60615,4,47,4-47,2,1481,Caterer's Liquor License,630,Catering of Liquor To Events,2476206,ISSUE,06/23/2016,08/22/2016,07/21/2016,N,09/01/2016,09/15/2018,09/01/2016,09/01/2016,AAI,,61,41.79965126,-87.589403286,"(41.7996512604028, -87.58940328555822)"
2241030-20151116,2427130,379475,1,HP53 LLC,A10,1460-1466 E 53RD ST,CHICAGO,IL,60615,4,47,4-47,2,1475,Consumption on Premises - Incidental Activity,638,Consumption of Liquor on Premises,2241030,RENEW,,09/15/2015,10/06/2015,N,11/16/2015,11/15/2017,10/06/2015,10/07/2015,AAI,,61,41.79965126,-87.589403286,"(41.7996512604028, -87.58940328555822)"
2277393-20150816,2410430,383368,2,CHOLIES PIZZERIA INC.,CHOLIES PIZZERIA INC.,1601 E 53RD ST 1 1,CHICAGO,IL,60615,5,48,5-48,2,1006,Retail Food Establishment,735,Preparation of Food and Dining on Premise With Seating,2277393,RENEW,,06/15/2015,08/03/2015,N,08/16/2015,08/15/2017,08/03/2015,08/04/2015,AAI,,61,41.799468268,-87.586395027,"(41.79946826782593, -87.58639502683731)"
2284008-20150916,2417489,384592,2,LUMINA PYROTECHNICS LLC,LUMINA PYROTECHNICS LLC,1525 E 53RD ST 1,CHICAGO,IL,60615,5,54,5-54,2,1255,"Explosives, Certificate of Fitness",653,Employee of a Wrecking or Demolition Contractor,2284008,RENEW,,07/15/2015,08/25/2015,N,09/16/2015,09/15/2017,08/25/2015,08/26/2015,AAI,,61,41.799441872,-87.588098389,"(41.79944187210379, -87.58809838930625)"
2284007-20150916,2417490,384592,2,LUMINA PYROTECHNICS LLC,LUMINA PYROTECHNICS LLC,1525 E 53RD ST 1,CHICAGO,IL,60615,5,54,5-54,2,1253,Explosives,853,Use of Explosives,2284007,RENEW,,07/15/2015,08/25/2015,N,09/16/2015,09/15/2017,08/25/2015,08/26/2015,AAI,,61,41.799441872,-87.588098389,"(41.79944187210379, -87.58809838930625)"
2289406-20150916,2417491,384592,3,LUMINA PYROTECHNICS LLC,DANIEL JOHN KOSCINSKI,1525 E 53RD ST,CHICAGO,IL,60615,5,54,5-54,2,1255,"Explosives, Certificate of Fitness",653,Employee of a Wrecking or Demolition Contractor,2289406,RENEW,,07/15/2015,08/25/2015,N,09/16/2015,09/15/2017,08/25/2015,08/26/2015,AAI,,61,41.799441872,-87.588098389,"(41.79944187210379, -87.58809838930625)"
2289407-20150916,2417492,384592,4,LUMINA PYROTECHNICS LLC,JOSEPH ANTHONY ORTEGA,1525 E 53RD ST,CHICAGO,IL,60615,5,54,5-54,2,1255,"Explosives, Certificate of Fitness",653,Employee of a Wrecking or Demolition Contractor,2289407,RENEW,,07/15/2015,08/25/2015,N,09/16/2015,09/15/2017,08/25/2015,08/26/2015,AAI,,61,41.799441872,-87.588098389,"(41.79944187210379, -87.58809838930625)"
2294152-20150916,2417493,384592,5,LUMINA PYROTECHNICS LLC,TERENCE CHARLES TURNER,1525 E 53RD ST,CHICAGO,IL,60615,5,54,5-54,2,1255,"Explosives, Certificate of Fitness",653,Employee of a Wrecking or Demolition Contractor,2294152,RENEW,,07/15/2015,08/25/2015,N,09/16/2015,09/15/2017,08/25/2015,08/26/2015,AAI,,61,41.799441872,-87.588098389,"(41.79944187210379, -87.58809838930625)"
2294153-20150916,2417494,384592,6,LUMINA PYROTECHNICS LLC,BRENDA LEE TURNER,1525 E 53RD ST,CHICAGO,IL,60615,5,54,5-54,2,1255,"Explosives, Certificate of Fitness",653,Employee of a Wrecking or Demolition Contractor,2294153,RENEW,,07/15/2015,08/25/2015,N,09/16/2015,09/15/2017,08/25/2015,08/26/2015,AAI,,61,41.799441872,-87.588098389,"(41.79944187210379, -87.58809838930625)"
2298497-20150916,2417495,384592,7,LUMINA PYROTECHNICS LLC,JOSEPH LAWRENCE MARCHETTI,1525 E 53RD ST,CHICAGO,IL,60615,5,54,5-54,2,1255,"Explosives, Certificate of Fitness",653,Employee of a Wrecking or Demolition Contractor,2298497,RENEW,,07/15/2015,08/25/2015,N,09/16/2015,09/15/2017,08/25/2015,08/26/2015,AAI,,61,41.799441872,-87.588098389,"(41.79944187210379, -87.58809838930625)"
2288869-20151016,2429251,384712,1,"HARPER MART, INC.",53RD STREET MINI MART,1379 E 53RD ST 1ST,CHICAGO,IL,60615,5,55,5-55,2,1006,Retail Food Establishment,775,Retail Sales of Perishable Foods,2288869,RENEW,,10/14/2015,10/14/2015,N,10/16/2015,10/15/2017,10/14/2015,10/19/2015,AAI,,61,41.79940096,-87.591911394,"(41.79940096015173, -87.59191139391835)"
2284204-20151016,2429252,384712,1,"HARPER MART, INC.",53RD STREET MINI MART,1379 E 53RD ST 1ST,CHICAGO,IL,60615,5,55,5-55,2,1781,Tobacco Retail Over Counter,776,Retail Sales of Tobacco Products,2284204,RENEW,,10/14/2015,10/14/2015,N,10/16/2015,10/15/2017,10/14/2015,10/19/2015,AAI,,61,41.79940096,-87.591911394,"(41.79940096015173, -87.59191139391835)"
2293110-20151116,2427298,385765,1,Maplewood Management LLC,Maplewood Management LLC,1525 E 53RD ST 5TH 534,CHICAGO,IL,60615,5,,5-,,4404,Regulated Business License,601,Acquisition and Improvement of Land/Residential Buildings,2293110,RENEW,,09/15/2015,10/15/2015,N,11/16/2015,11/15/2017,10/15/2015,10/16/2015,AAI,,61,41.799441872,-87.588098389,"(41.79944187210379, -87.58809838930625)"
2303903-20160116,2436903,387132,1,"Mac Property Management, LLC","MAC Property Management, LLC",1352 E 53RD ST 1,CHICAGO,IL,60615,4,,4-,,1010,Limited Business License,708,Miscellaneous Commercial Services,2303903,RENEW,,11/15/2015,01/25/2016,N,01/16/2016,01/15/2018,01/25/2016,08/22/2016,AAI,,61,41.799605562,-87.59292334,"(41.79960556223864, -87.59292333987243)"
2313491-20160316,2445640,388262,1,"MittenSoup, Inc.",The Silver Umbrella,5305 S HYDE PARK BLVD 1,CHICAGO,IL,60615,5,,5-,,1010,Limited Business License,911 | 904,Retail Sales of Clothing / Accessories / Shoes | Retail Sales of General Merchandise,2313491,RENEW,,01/15/2016,02/11/2016,N,03/16/2016,03/15/2018,02/11/2016,09/15/2016,AAI,,,41.799425121,-87.583905174,"(41.79942512148428, -87.5839051735237)"
2313669-20161016,2486918,388344,1,"ORIGINAL PIZZA, LLC SERIES HYDE PARK",LEONA'S PIZZERIA,1236 E 53RD ST,CHICAGO,IL,60615,4,1,4-1,2,1481,Caterer's Liquor License,630,Catering of Liquor To Events,2313669,RENEW,,08/15/2016,10/12/2016,N,10/16/2016,10/15/2018,10/12/2016,10/17/2016,AAI,,61,41.799582012,-87.595108943,"(41.7995820117793, -87.59510894342813)"
2313668-20161016,2486917,388344,1,"ORIGINAL PIZZA, LLC SERIES HYDE PARK",LEONA'S PIZZERIA,1236 E 53RD ST,CHICAGO,IL,60615,4,1,4-1,2,1475,Consumption on Premises - Incidental Activity,638,Consumption of Liquor on Premises,2313668,RENEW,,08/15/2016,10/12/2016,N,10/16/2016,10/15/2018,10/12/2016,10/17/2016,AAI,,61,41.799582012,-87.595108943,"(41.7995820117793, -87.59510894342813)"
2313667-20161016,2486916,388344,1,"ORIGINAL PIZZA, LLC SERIES HYDE PARK",LEONA'S PIZZERIA,1236 E 53RD ST,CHICAGO,IL,60615,4,1,4-1,2,1006,Retail Food Establishment,735,Preparation of Food and Dining on Premise With Seating,2313667,RENEW,,08/15/2016,10/12/2016,N,10/16/2016,10/15/2018,10/12/2016,10/17/2016,AAI,,61,41.799582012,-87.595108943,"(41.7995820117793, -87.59510894342813)"
2314936-20160916,2482239,388880,1,YUSHO HP LLC,YUSHO HP,1301 E 53RD ST 1,CHICAGO,IL,60615,4,55,4-55,2,1006,Retail Food Establishment,735,Preparation of Food and Dining on Premise With Seating,2314936,RENEW,,07/15/2016,07/29/2016,N,09/16/2016,09/15/2018,07/29/2016,08/01/2016,AAI,,61,41.799365196,-87.594900165,"(41.79936519578902, -87.59490016475203)"
2314937-20160916,2482240,388880,1,YUSHO HP LLC,YUSHO HP,1301 E 53RD ST 1,CHICAGO,IL,60615,4,55,4-55,2,1475,Consumption on Premises - Incidental Activity,638,Consumption of Liquor on Premises,2314937,RENEW,,07/15/2016,07/29/2016,N,09/16/2016,09/15/2018,07/29/2016,08/01/2016,AAI,,61,41.799365196,-87.594900165,"(41.79936519578902, -87.59490016475203)"
2341364-20160716,2468948,391654,1,THE SPACE LLC,THE SPACE,5307 S HYDE PARK BLVD 1ST 104,CHICAGO,IL,60615,5,11,5-11,2,4404,Regulated Business License,926,Fitness Classes,2341364,RENEW,,05/15/2016,06/19/2016,N,07/16/2016,07/15/2018,06/19/2016,06/20/2016,AAI,,,41.799364914,-87.583903249,"(41.79936491394068, -87.58390324877499)"
2341664-20160413,2341664,391748,1,SAHAN MOTHERLAND INCORPORATED,SAHAN MOTHERLAND,1424-28 E 53RD ST 1ST,CHICAGO,IL,60615,4,47,4-47,2,1010,Limited Business License,144,"Hair, Nail, and Skin Care Services",2341664,ISSUE,07/07/2014,03/21/2016,04/13/2016,N,04/13/2016,04/15/2018,04/13/2016,04/13/2016,AAI,,61,41.799633798,-87.590680963,"(41.79963379781992, -87.59068096341123)"
2348926-20160916,2482359,392163,1,WINGERS OF CHICAGO INC.,WINGERS,1368 E 53RD ST,CHICAGO,IL,60615,4,1,4-1,2,1006,Retail Food Establishment,781,Sale of Food Prepared Onsite With Dining Area,2348926,RENEW,,07/15/2016,08/26/2016,N,09/16/2016,09/15/2018,08/26/2016,08/29/2016,AAI,,61,41.799611564,-87.592533442,"(41.799611563972014, -87.59253344231946)"
2350305-20160916,2482396,392729,1,RED SNAPPER HYDE PARK INC.,"RED SNAPPER HYDE PARK, INC.",1418 E 53RD ST 1ST,CHICAGO,IL,60615,4,47,4-47,2,1006,Retail Food Establishment,781,Sale of Food Prepared Onsite With Dining Area,2350305,RENEW,,07/15/2016,09/02/2016,N,09/16/2016,09/15/2018,09/02/2016,09/06/2016,AAI,,61,41.799629744,-87.590941436,"(41.799629744251135, -87.59094143626464)"
2373691-20150120,2373691,395390,1,VEGANI GOURMET INC.,"VEGANI GOURMET, INC.",5302 S CORNELL AVE,CHICAGO,IL,60615,5,48,5-48,2,8344,Food - Shared Kitchen Long-Term User,804,Shared Kitchen User - Long Term,2373691,ISSUE,12/18/2014,12/18/2014,01/20/2015,N,01/20/2015,02/15/2017,,01/20/2015,AAI,,61,41.799463137,-87.585659766,"(41.79946313707875, -87.58565976641292)"
2379035-20150309,2379035,395950,1,SHAMUL BROTHERS FOODS LLC,PAPA JOHN' S PIZZA,1418 E 53RD ST 1ST H 2,CHICAGO,IL,60615,4,47,4-47,2,1006,Retail Food Establishment,782,Sale of Food Prepared Onsite Without Dining Area,2379035,ISSUE,01/21/2015,01/22/2015,01/22/2015,N,03/09/2015,03/15/2017,03/09/2015,03/09/2015,AAI,,61,41.799629744,-87.590941436,"(41.799629744251135, -87.59094143626464)"
2386293-20150313,2386293,396976,1,A PLUS NURSES STAFFING SOLUTIONS LLC,A PLUS NURSES STAFFING SOLUTIONS LLC,1452 E 53RD ST 2ND,CHICAGO,IL,60615,4,47,4-47,2,1010,Limited Business License,635,"Commissioned Staffing of Professional, Secretarial and Clerical Work",2386293,ISSUE,03/13/2015,03/13/2015,03/13/2015,N,03/13/2015,03/15/2017,03/13/2015,03/13/2015,AAI,,61,41.799647324,-87.5897276,"(41.79964732360029, -87.58972759992803)"
2411368-20150721,2411368,398329,2,"MASTRAM, INC.",MINI MART,1379 E 53RD ST,CHICAGO,IL,60615,5,55,5-55,2,1006,Retail Food Establishment,775,Retail Sales of Perishable Foods,2411368,ISSUE,06/19/2015,06/29/2015,06/29/2015,N,07/21/2015,08/15/2017,07/20/2015,07/21/2015,AAC,10/13/2015,61,41.79940096,-87.591911394,"(41.79940096015173, -87.59191139391835)"
2411369-20150811,2411369,398329,2,"MASTRAM, INC.",MINI MART,1379 E 53RD ST,CHICAGO,IL,60615,5,55,5-55,2,1781,Tobacco Retail Over Counter,937,Retail Sales of Tobacco and Flavored Tobacco Products,2411369,ISSUE,06/19/2015,06/29/2015,06/29/2015,N,08/11/2015,08/15/2017,08/10/2015,08/11/2015,AAC,10/13/2015,61,41.79940096,-87.591911394,"(41.79940096015173, -87.59191139391835)"
2404170-20150515,2404170,398557,1,"HYDE PARK EXPRESS, LLC",HYDE PARK EXPRESS,1525 E 53RD ST 400 4,CHICAGO,IL,60615,5,54,5-54,2,1010,Limited Business License,602,Administrative Commercial Office,2404170,ISSUE,05/15/2015,05/15/2015,05/15/2015,N,05/15/2015,06/15/2017,05/15/2015,05/15/2015,AAI,,61,41.799441872,-87.588098389,"(41.79944187210379, -87.58809838930625)"
2404625-20150522,2404625,398719,1,"Integra Biomedical, LLC","Integra Biomedical, LLC",1525 E 53RD ST 10 1006,CHICAGO,IL,60615,5,,5-,,1010,Limited Business License,602,Administrative Commercial Office,2404625,ISSUE,,05/22/2015,05/22/2015,N,05/22/2015,06/15/2017,05/22/2015,05/22/2015,AAC,09/16/2015,61,41.799441872,-87.588098389,"(41.79944187210379, -87.58809838930625)"
2411109-20160321,2411109,399229,1,HP TACO STATION CO.,HP TACO STATION,5300 S DORCHESTER AVE 1ST,CHICAGO,IL,60615,5,55,5-55,2,1006,Retail Food Establishment,782,Sale of Food Prepared Onsite Without Dining Area,2411109,ISSUE,06/16/2015,03/11/2016,03/11/2016,N,03/21/2016,04/15/2018,03/18/2016,03/21/2016,AAI,,61,41.799456861,-87.591931711,"(41.79945686102498, -87.59193171135287)"
2411887-20150630,2411887,399571,1,Ryan K Odom,Climate Control Experts,1525 E 53RD ST 10 1001,CHICAGO,IL,60615,5,,5-,,4404,Regulated Business License,602 | 673,Administrative Commercial Office | Home Repair Services,2411887,ISSUE,,06/29/2015,06/29/2015,N,06/30/2015,07/15/2017,06/29/2015,06/30/2015,AAI,,61,41.799441872,-87.588098389,"(41.79944187210379, -87.58809838930625)"
2423269-20151019,2423269,400866,1,MAJOUR INC.,HAROLD'S CHICKEN SHACK #14,1208 E 53RD ST 1,CHICAGO,IL,60615,4,1,4-1,2,1006,Retail Food Establishment,735,Preparation of Food and Dining on Premise With Seating,2423269,ISSUE,08/26/2015,10/05/2015,10/05/2015,N,10/19/2015,11/15/2017,10/16/2015,10/19/2015,AAI,,61,41.799570006,-87.596239108,"(41.799570005698875, -87.5962391078313)"
2423686-20150903,2423686,401048,1,"NEW RAINBOW CLEANER, INC.","NEW RAINBOW CLEANER, INC.",1648 E 53RD ST 1ST 1,CHICAGO,IL,60615,5,38,5-38,2,4404,Regulated Business License,648 | 631,Dry Cleaning - Drop Off Location | Clothing Alterations,2423686,ISSUE,09/03/2015,09/03/2015,09/03/2015,N,09/03/2015,09/15/2017,09/03/2015,09/03/2015,AAI,,61,41.799706139,-87.584866094,"(41.79970613936194, -87.58486609411676)"
2431759-20151105,2431759,401931,1,"YDYR RESTAURANT GROUP, INC.",LIGHT HOUSE,1373 E 53RD ST 1ST,CHICAGO,IL,60615,5,55,5-55,2,1006,Retail Food Establishment,782,Sale of Food Prepared Onsite Without Dining Area,2431759,ISSUE,10/16/2015,10/23/2015,10/23/2015,N,11/05/2015,11/15/2017,11/04/2015,11/05/2015,AAI,,61,41.799398025,-87.592174135,"(41.79939802477482, -87.59217413474704)"
2443129-20160107,2443129,403430,1,SCOTT D. McINTOSH,ANCIEN,1558 E 53RD ST 1ST 1ST,CHICAGO,IL,60615,5,38,5-38,2,1010,Limited Business License,911 | 767,Retail Sales of Clothing / Accessories / Shoes | Retail Sales of General Merchandise and Non-Perishable Food,2443129,ISSUE,01/07/2016,01/07/2016,01/07/2016,N,01/07/2016,01/15/2018,01/07/2016,01/07/2016,AAI,,61,41.799677333,-87.586810641,"(41.79967733344662, -87.58681064091066)"
2446389-20160205,2446389,403430,1,SCOTT D. McINTOSH,ANCIEN,1558 E 53RD ST 1ST 1ST,CHICAGO,IL,60615,5,38,5-38,2,1006,Retail Food Establishment,775 | 781,Retail Sales of Perishable Foods | Sale of Food Prepared Onsite With Dining Area,2446389,ISSUE,01/22/2016,01/25/2016,01/25/2016,N,02/05/2016,01/15/2018,02/04/2016,02/05/2016,AAI,,61,41.799677333,-87.586810641,"(41.79967733344662, -87.58681064091066)"
2446142-20160119,2446142,403616,1,A AND D MEDIA GROUP CORPORATION,A AND D MEDIA GROUP,1525 E 53RD ST 4TH 420,CHICAGO,IL,60615,5,54,5-54,2,1010,Limited Business License,708,Miscellaneous Commercial Services,2446142,ISSUE,01/15/2016,01/19/2016,01/19/2016,N,01/19/2016,02/15/2018,01/19/2016,01/19/2016,AAI,,61,41.799441872,-87.588098389,"(41.79944187210379, -87.58809838930625)"
2457783-20160323,2457783,404907,1,MILOT THACI,MILO'S SALON AND SPA,1380 E 53RD ST 1ST,CHICAGO,IL,60615,4,1,4-1,2,1010,Limited Business License,144,"Hair, Nail, and Skin Care Services",2457783,ISSUE,03/23/2016,03/23/2016,,N,03/23/2016,04/15/2018,03/23/2016,03/23/2016,AAC,03/30/2016,61,41.799621325,-87.591827012,"(41.79962132499682, -87.59182701241058)"
2458059-20160330,2458059,405090,1,MILO'S SALON AND SPA LTD.,MILO'S SALON & SPA,1380 E 53RD ST GROUND,CHICAGO,IL,60615,4,1,4-1,2,1010,Limited Business License,144 | 904,"Hair, Nail, and Skin Care Services | Retail Sales of General Merchandise",2458059,ISSUE,03/30/2016,03/30/2016,03/23/2016,N,03/30/2016,04/15/2018,03/30/2016,03/30/2016,AAI,,61,41.799621325,-87.591827012,"(41.79962132499682, -87.59182701241058)"
2476527-20160629,2476527,407879,1,JENNIFER ALICE JACKSON,CAREER TECTONICS,1443 E 53RD ST 3RD 3,CHICAGO,IL,60615,5,54,5-54,2,4404,Regulated Business License,719,Non-Professional Consulting (Home Occ),2476527,ISSUE,06/29/2016,06/29/2016,06/29/2016,N,06/29/2016,07/15/2018,06/29/2016,06/29/2016,AAI,,61,41.799421633,-87.590125643,"(41.79942163323843, -87.59012564311584)"
2501241-20161216,2501241,407896,2,"NANDO'S OF HYDE PARK, LLC",NANDO'S PERI PERI CHICKEN,1447 E 53RD ST 1,CHICAGO,IL,60615,5,54,5-54,2,1006,Retail Food Establishment,735,Preparation of Food and Dining on Premise With Seating,2501241,ISSUE,12/01/2016,12/08/2016,12/08/2016,N,12/16/2016,01/15/2019,12/15/2016,12/16/2016,AAI,,61,41.799423505,-87.589964079,"(41.799423505424414, -87.58996407916824)"
2483735-20160804,2483735,408851,1,MIKISHA RUFFIN,ANNALISE GROUP,1452 E 53RD ST 2ND,CHICAGO,IL,60615,4,47,4-47,2,1010,Limited Business License,703,Advertising and Marketing Office,2483735,ISSUE,08/04/2016,08/04/2016,08/04/2016,N,08/04/2016,08/15/2018,08/04/2016,08/04/2016,AAI,,61,41.799647324,-87.5897276,"(41.79964732360029, -87.58972759992803)"
2493017-20161007,2493017,410648,1,"FRESH OUT OF HOME MEDIA USA, INC.","FRESH OUT OF HOME MEDIA USA, INC.",1525 E 53RD ST 4TH 403,CHICAGO,IL,60615,5,54,5-54,2,1010,Limited Business License,703,Advertising and Marketing Office,2493017,ISSUE,10/07/2016,10/07/2016,10/07/2016,N,10/07/2016,10/15/2018,10/07/2016,10/07/2016,AAI,,61,41.799441872,-87.588098389,"(41.79944187210379, -87.58809838930625)"
2496302-20161215,2496302,411293,1,1379 HARPER MART INC.,1379 HARPER MART,1379 E 53RD ST 1ST,CHICAGO,IL,60615,5,55,5-55,2,1781,Tobacco Retail Over Counter,767 | 904 | 937 | 936 | 776,Retail Sales of General Merchandise and Non-Perishable Food | Retail Sales of General Merchandise | Retail Sales of Tobacco and Flavored Tobacco Products | Retail Sales of Tobacco Accessories | Retail Sales of Tobacco Products,2496302,ISSUE,10/31/2016,11/08/2016,11/08/2016,N,12/15/2016,12/15/2018,12/15/2016,12/15/2016,AAI,,61,41.79940096,-87.591911394,"(41.79940096015173, -87.59191139391835)"
2500660-20161121,2500660,411546,1,JOJAYDEN INC.,JOJAYDEN HANDMADE,1457 E 53RD ST 1,CHICAGO,IL,60615,5,54,5-54,2,1010,Limited Business License,911,Retail Sales of Clothing / Accessories / Shoes,2500660,ISSUE,11/15/2016,11/21/2016,11/21/2016,N,11/21/2016,12/15/2018,11/21/2016,11/21/2016,AAI,,61,41.799429805,-87.589560116,"(41.7994298049342, -87.58956011647007)"
2501168-20170105,2501168,411669,2,"WARRANTY LOGISTICS, LLC","WARRANTY LOGISTICS, LLC",1406 E 53RD ST GROUND,CHICAGO,IL,60615,4,,4-,,1010,Limited Business License,652,Electronic Equipment Repair,2501168,ISSUE,11/29/2016,11/29/2016,01/04/2017,N,01/05/2017,12/15/2018,01/04/2017,01/05/2017,AAI,,61,41.799624855,-87.591460355,"(41.79962485490784, -87.59146035530995)"
